{"cameraMode":{"drawMode":0,"name":"Shaded","section":"Shading Mode"},"sceneLighting":false,"audioPlay":false,"sceneViewState":{"showFog":true,"showMaterialUpdate":true,"showSkybox":false,"showFlares":true,"showImageEffects":true,"showParticleSystems":true},"in2DMode":false,"pivot":{"x":366.60614013671877,"y":453.65179443359377,"z":-244.500732421875},"rotation":{"x":-0.061559855937957767,"y":0.48486825823783877,"z":-0.03424082323908806,"w":-0.8717489242553711},"size":1364.743408203125,"orthographic":true}