{"cameraMode":{"drawMode":0,"name":"Shaded","section":"Shading Mode"},"sceneLighting":false,"audioPlay":false,"sceneViewState":{"showFog":true,"showMaterialUpdate":true,"showSkybox":false,"showFlares":true,"showImageEffects":true,"showParticleSystems":true},"in2DMode":false,"pivot":{"x":0.0,"y":4.320000648498535,"z":32.79999923706055},"rotation":{"x":-0.061559855937957767,"y":0.48486825823783877,"z":-0.03424082323908806,"w":-0.8717489242553711},"size":9.30376148223877,"orthographic":true}