{"cameraMode":{"drawMode":0,"name":"Shaded","section":"Shading Mode"},"sceneLighting":true,"audioPlay":false,"sceneViewState":{"showFog":true,"showMaterialUpdate":true,"showSkybox":true,"showFlares":true,"showImageEffects":true,"showParticleSystems":true},"in2DMode":false,"pivot":{"x":2.0649139881134035,"y":-3.7007627487182619,"z":13.236351013183594},"rotation":{"x":0.35698872804641726,"y":0.12278614938259125,"z":-0.047398075461387637,"w":0.9247896671295166},"size":14.266790390014649,"orthographic":false}