{"cameraMode":{"drawMode":0,"name":"Shaded","section":"Shading Mode"},"sceneLighting":false,"audioPlay":false,"sceneViewState":{"showFog":true,"showMaterialUpdate":true,"showSkybox":false,"showFlares":true,"showImageEffects":true,"showParticleSystems":true},"in2DMode":false,"pivot":{"x":95.09999084472656,"y":-3.3814010620117189,"z":10.900001525878907},"rotation":{"x":0.23635943233966828,"y":0.7604830861091614,"z":-0.3861175775527954,"w":0.46552515029907229},"size":158.62158203125,"orthographic":false}