{"cameraMode":{"drawMode":0,"name":"Shaded","section":"Shading Mode"},"sceneLighting":false,"audioPlay":false,"sceneViewState":{"showFog":true,"showMaterialUpdate":true,"showSkybox":false,"showFlares":true,"showImageEffects":true,"showParticleSystems":true},"in2DMode":false,"pivot":{"x":-0.008970856666564942,"y":0.459604948759079,"z":0.020440712571144105},"rotation":{"x":0.024235084652900697,"y":-0.5779361724853516,"z":0.017161069437861444,"w":0.8155567646026611},"size":0.6570153832435608,"orthographic":true}