{"cameraMode":{"drawMode":0,"name":"Shaded","section":"Shading Mode"},"sceneLighting":false,"audioPlay":false,"sceneViewState":{"showFog":true,"showMaterialUpdate":true,"showSkybox":false,"showFlares":true,"showImageEffects":true,"showParticleSystems":true},"in2DMode":false,"pivot":{"x":2.7300000190734865,"y":7.6660261154174809,"z":19.40999984741211},"rotation":{"x":-0.061559855937957767,"y":0.48486825823783877,"z":-0.03424082323908806,"w":-0.8717489242553711},"size":15.724037170410157,"orthographic":true}