{"cameraMode":{"drawMode":0,"name":"Shaded","section":"Shading Mode"},"sceneLighting":false,"audioPlay":false,"sceneViewState":{"showFog":true,"showMaterialUpdate":true,"showSkybox":false,"showFlares":true,"showImageEffects":true,"showParticleSystems":true},"in2DMode":false,"pivot":{"x":0.0,"y":2.069999933242798,"z":17.780000686645509},"rotation":{"x":0.05881023034453392,"y":-0.3445723056793213,"z":0.021623412147164346,"w":0.9366796612739563},"size":3.464101552963257,"orthographic":true}